titulo,url,categoria,fecha
Cuatro ganaderías lanzarán en febrero Leche Madriz  la leche 100% madrileña,https://www.telemadrid.es/programas/buenos-dias-madrid/Cuatro-ganaderias-lanzaran-en-febrero-Leche-Madriz-la-leche-100-madrilena-2-2633756601--20240115085919.html,programas,2024/01/15
Así es un día de preparación de la Bripac,https://www.telemadrid.es/programas/ruta-179/Asi-es-un-dia-de-preparacion-de-la-Bripac-2-2632556765--20240111111700.html,programas,2024/01/11
La OMS advierte de una enfermedad X,https://www.telemadrid.es/salud/La-OMS-advierte-de-una-enfermedad-X-0-2633736653--20240115054705.html,salud,2024/01/15
Una reina de Inglaterra nacida en Alcalá de Henares,https://www.telemadrid.es/noticias/madrid/Una-reina-de-Inglaterra-nacida-en-Alcala-de-Henares-0-2632836732--20240112081200.html,noticias,2024/01/12
Palos y botellas en la pelea entre ultras de Bukaneros y Brigadas Alcalaínas,https://www.telemadrid.es/noticias/madrid/Palos-latas-de-cerveza-botellas-y-cocaina-en-la-pelea-entre-ultras-de-Bukaneros-y-Brigadas-Alcalainas-0-2633736609--20240115105012.html,noticias,2024/01/15
Carmen Machi regresa al teatro con Nuestros actos ocultos en Matadero Madrid,/programas/telenoticias-1/Carmen-Machi-regresa-al-teatro-con-Nuestros-actos-ocultos-en-Matadero-Madrid-2-2633756636--20240115032201.html,programas,2024/01/15
Un paseo por La Mancha en el centro de Madrid,/ocio-y-planes-por-madrid/Un-paseo-por-La-Mancha-en-el-centro-de-Madrid-0-2632236776--20240110080200.html,ocio-y-planes-por-madrid,2024/01/10
Los 10 sitios más instagrameables para hacerse fotos con nieve en Madrid,/ocio-y-planes-por-madrid/Los-10-sitios-mas-instagrameables-para-hacerse-fotos-con-nieve-en-Madrid-0-2632836694--20240112080204.html,ocio-y-planes-por-madrid,2024/01/12
Fin de semana para conocer a la Tía Javiera la de las rosquillas en Fuenlabrada,/ocio-y-planes-por-madrid/Fin-de-semana-para-conocer-a-la-Tia-Javiera-la-de-las-rosquillas-en-Fuenlabrada-0-2632836743--20240112080000.html,ocio-y-planes-por-madrid,2024/01/12
Ciempozuelos celebra este domingo su primera concentración de coches clásicos,/ocio-y-planes-por-madrid/Ciempozuelos-celebra-este-domingo-su-primera-concentracion-de-coches-clasicos-0-2632836747--20240112080000.html,ocio-y-planes-por-madrid,2024/01/12
Fuenlabrada retoma este domingo sus rutas teatralizadas por el casco histórico,/noticias/madrid/Fuenlabrada-retoma-este-domingo-sus-rutas-teatralizadas-por-el-casco-historico-0-2632836772--20240112084826.html,noticias,2024/01/12
Jorge Blass Nuria Espert y el Ballet Nacional de España entre las propuestas del MIRA de Pozuelo de Alarcón,/noticias/madrid/Jorge-Blass-Nuria-Espert-y-el-Ballet-Nacional-de-Espana-entre-las-propuestas-del-MIRA-de-Pozuelo-de-Alarcon-0-2632536778--20240111055841.html,noticias,2024/01/11
Nueva invasión de zombies en Ciempozuelos el 20 de enero,/noticias/madrid/Nueva-invasion-de-zombies-en-Ciempozuelos-el-20-de-enero-0-2632536771--20240111035758.html,noticias,2024/01/11
Las películas candidatas a los Goya en ALCINE de Alcalá,/noticias/madrid/Las-peliculas-candidatas-a-los-Goya-en-ALCINE-de-Alcala-0-2632536767--20240111021954.html,noticias,2024/01/11
7 lugares para disfrutar de la nieve en Madrid,/noticias/madrid/7-lugares-para-disfrutar-de-la-nieve-en-la-Comunidad-de-Madrid-0-2632236785--20240110010956.html,noticias,2024/01/10
Beatbox petanca fotografía y mucho más en el enero cultural de Parla,/noticias/madrid/Beatbox-petanca-fotografia-y-mucho-mas-en-el-enero-cultural-de-Parla-0-2632236780--20240110014635.html,noticias,2024/01/10
Los jueves en Móstoles se pasan en familia,/noticias/madrid/Los-jueves-en-Mostoles-se-pasan-en-familia-0-2632236777--20240110012501.html,noticias,2024/01/10
La Policía Local de Leganés incorpora drones para labores de vigilancia y control,/noticias/madrid/La-Policia-Local-de-Leganes-incorpora-drones-para-labores-de-vigilancia-y-control-0-2633736663--20240115065552.html,noticias,2024/01/15
Comienzan en Getafe las obras para permitir el paso de grandes camiones en un acceso a la A-4,/noticias/madrid/Comienzan-en-Getafe-las-obras-para-permitir-el-paso-de-grandes-camiones-en-un-acceso-a-la-A-4-0-2633736647--20240115063321.html,noticias,2024/01/15
El Hospital de Móstoles celebra este martes su maratón de donación de sangre,/noticias/madrid/El-Hospital-de-Mostoles-celebra-este-martes-su-maraton-de-donacion-de-sangre-0-2633736659--20240115063000.html,noticias,2024/01/15
La Comunidad inicia la comercialización de 434 viviendas en alquiler en Tres Cantos y Sanse,/noticias/madrid/La-Comunidad-inicia-la-comercializacion-de-434-viviendas-en-alquiler-en-Tres-Cantos-y-Sanse-0-2633736652--20240115055545.html,noticias,2024/01/15
Móstoles recupera la Escuela de Abuelos,/noticias/madrid/Mostoles-recupera-la-Escuela-de-Abuelos-para-reforzar-las-relaciones-intergeneracionales-0-2633736651--20240115053657.html,noticias,2024/01/15
San Sebastián de los Reyes estrena un Portal de Empleo para poner en contacto a empresas y trabajadores,/programas/madrid-trabaja/San-Sebastian-de-los-Reyes-estrena-un-Portal-de-Empleo-para-poner-en-contacto-a-empresas-y-trabajadores-9-2633826610--20240115050630.html,programas,2024/01/15
Comienza el derribo del hospital fantasma de Villaviciosa de Odón,/programas/telenoticias-1/Comienza-el-derribo-del-hospital-fantasma-de-Villaviciosa-de-Odon-2-2633756620--20240115030404.html,programas,2024/01/15
Iniciada en Fuenlabrada la instalación de las pantallas acústicas de Cercanías,/noticias/madrid/Iniciada-en-Fuenlabrada-la-instalacion-de-las-pantallas-acusticas-de-Cercanias-0-2633736630--20240115015505.html,noticias,2024/01/15
Getafe entrega 40 nuevas pulseras de localización a niños con TEA,/noticias/madrid/Getafe-entrega-40-nuevas-pulseras-de-localizacion-a-ninos-con-TEA-0-2633736621--20240115121041.html,noticias,2024/01/15
21 municipios madrileños incumplen aún la obligación de implantar zonas de bajas emisiones,/noticias/madrid/21-municipios-madrilenos-incumplen-aun-la-obligacion-de-implantar-zonas-de-bajas-emisiones-0-2633736602--20240115084934.html,noticias,2024/01/15
Alcalá de Henares creará una nueva unidad de Policía Local para mejorar la seguridad en los barrios,/noticias/madrid/Alcala-de-Henares-creara-una-nueva-unidad-de-Policia-Local-para-mejorar-la-seguridad-en-los-barrios-0-2633436640--20240114013008.html,noticias,2024/01/14
Los bomberos extinguen el incendio de una vivienda en Parla sin heridos ni intoxicados,/noticias/madrid/Los-bomberos-extinguen-el-incendio-de-una-vivienda-en-Parla-sin-heridos-ni-intoxicados-0-2633436631--20240114082312.html,noticias,2024/01/14
Telenoticias 2 15.01.2024,/programas/telenoticias-2/Telenoticias-2-15012024-2-2633756657--20240115100021.html,programas,2024/01/15
Telenoticias 1  15.01.2024,/programas/telenoticias-1/Telenoticias-1-15012024-2-2633756641--20240115043807.html,programas,2024/01/15
Telenoticias Fin de semana 2 14.01.2024,/programas/telenoticias-fin-de-semana/Telenoticias-Fin-de-semana-2-14012024-2-2633456651--20240114094558.html,programas,2024/01/14
Feijóo: Todo está previsto para que Puigdemont venga a España no solo con el perdón sino para que le pidamos perdón,/programas/buenos-dias-madrid/Feijoo-Todo-esta-previsto-para-que-Puigdemont-venga-a-Espana-no-solo-con-el-perdon-sino-para-que-le-pidamos-perdon-2-2633756602--20240115111041.html,programas,2024/01/15
Feijóo propone ampliar el tramo exento de IRPF para que el Gobierno no se quede con casi la mitad de la subida del SMI,/programas/buenos-dias-madrid/Feijoo-propone-ampliar-el-tramo-exento-de-IRPF-para-que-el-Gobierno-no-se-quede-con-casi-la-mitad-de-la-subida-del-SMI-2-2633756606--20240115103619.html,programas,2024/01/15
La lava llega a la localidad islandesa de Grindavik,/programas/buenos-dias-madrid/La-lava-llega-a-la-localidad-islandesa-de-Grindavik-2-2633756600--20240115082823.html,programas,2024/01/15
SEPE: Dudas sobre prestaciones y subsidios por desempleo 15.01.2024,/programas/madrid-trabaja/SEPE-Dudas-sobre-prestaciones-y-subsidios-por-desempleo-15012024-9-2633826609--20240115052931.html,programas,2024/01/15
¿Qué debes hacer para trabajar en Sercotel?,/programas/madrid-trabaja/Que-debes-hacer-para-trabajar-en-Sercotel-9-2633826611--20240115052915.html,programas,2024/01/15
Utilizan deepfakes de Taylor Swift y Selena Gomez para una nueva estafa viral,/tecnologia/Utilizan-deepfakes-de-Taylor-Swift-y-Selena-Gomez-para-una-nueva-estafa-viral-0-2633736675--20240115112506.html,tecnologia,2024/01/15
¿Cuánto dinero ha donado Ana Obregón?,/programas/juntos/Cuanto-dinero-ha-donado-Ana-Obregon-a-la-Fundacion-Aless-Lequio-2-2633756663--20240115110605.html,programas,2024/01/15
Isabel Pantoja cumple 50 años en los escenarios,/programas/juntos/Isabel-Pantoja-triunfa-en-Bilbao-en-su-concierto-por-sus-50-anos-sobre-los-escenarios-2-2633756662--20240115110308.html,programas,2024/01/15
Rafael Amargo vuelve a pedir su libertad al considerar que se vulneran sus derechos,/gente/Rafael-Amargo-vuelve-a-pedir-su-libertad-al-considerar-que-se-vulneran-sus-derechos-0-2633736674--20240115092806.html,gente,2024/01/15
Julio Iglesias retenido en el aeropuerto de República Dominicana por llevar más de 42 kilos de comida en la maleta,/programas/telenoticias-1/Julio-Iglesias-retenido-en-el-aeropuerto-de-Republica-Dominicana-por-llevar-mas-de-42-kilos-de-comida-en-la-maleta-2-2633756635--20240115032046.html,programas,2024/01/15
La relación de Enrique Iglesias con su familia,/programas/juntos-y/Por-que-Enrique-Iglesias-no-asiste-a-las-celebraciones-de-su-familia-2-2633156662--20240113032326.html,programas,2024/01/13
Guerra abierta entre los hijos de Alain Delon por sus cuidados,/gente/Guerra-abierta-entre-los-hijos-de-Alain-Delon-por-sus-cuidados-0-2632836775--20240112095309.html,gente,2024/01/12
Ha*Ash regresa a Madrid con su gira,/programas/madrid-directo/HaAsh-regresa-a-Madrid-con-su-gira-Mi-Salida-Contigo-2-2632856741--20240112084607.html,programas,2024/01/12
Nerea Pérez de las Heras se sincera sobre su nueva vida tras perder una pierna en un fatal accidente,/gente/Nerea-Perez-de-las-Heras-se-sincera-sobre-su-nueva-vida-tras-perder-una-pierna-en-un-fatal-accidente-0-2632836728--20240112062820.html,gente,2024/01/12
El biopic de Michael Jackson se estrenará en 2025 protagonizado por su sobrino,/gente/El-biopic-de-Michael-Jackson-se-estrenara-en-2025-protagonizado-por-su-sobrino-0-2632836706--20240112102610.html,gente,2024/01/12
El director  de Parásitos Bong Joon-ho y otros artistas exigen investigar a fondo la muerte del actor Lee Sun-kyun,/gente/El-director-de-Parasitos-Bong-Joon-ho-y-otros-artistas-exigen-investigar-a-fondo-la-muerte-del-actor-Lee-Sun-kyun-0-2632836698--20240112095126.html,gente,2024/01/12
Isabel Pantoja abandona Cantora y se muda a Madrid,/programas/juntos/Isabel-Pantoja-abandonara-Cantora-y-se-mudara-a-Madrid-2-2632556785--20240111010240.html,programas,2024/01/11
Nokia trabajará para al Gobierno de EEUU en soluciones privadas de comunicaciones,/tecnologia/Nokia-trabajara-para-al-Gobierno-de-EEUU-en-soluciones-privadas-de-comunicaciones-0-2633736656--20240115063211.html,tecnologia,2024/01/15
¿Qué es el R1 de Rabbit y por qué es el gadget más deseado?,/tecnologia/Que-es-el-R1-de-Rabbit-y-por-que-es-el-gadget-mas-deseado-0-2632836771--20240112094654.html,tecnologia,2024/01/12
Televisiones transparentes móviles flexibles o gafas para oír mejor estas son las novedades tecnológicas para 2024,/tecnologia/Televisiones-transparentes-moviles-flexibles-o-gafas-para-oir-mejor-estas-son-las-novedades-tecnologicas-para-2024-0-2632836752--20240112072938.html,tecnologia,2024/01/12
Estos son los Óscar científicos y técnicos también hay premios para la tecnología,/noticias/cultura/Estos-son-los-Oscar-cientificos-y-tecnicos-tambien-hay-premios-para-la-tecnologia-0-2632536792--20240111112215.html,noticias,2024/01/11
Movistar y O2 implantan una verificación avanzada por selfie,/tecnologia/Movistar-y-O2-implantan-una-verificacion-avanzada-por-selfie-0-2632536786--20240111081558.html,tecnologia,2024/01/11
Demandan a Facebook e Instagram por su modelo de pago por privacidad,/tecnologia/Demandan-a-Facebook-e-Instagram-por-su-modelo-de-pago-por-privacidad-0-2632536756--20240111123642.html,tecnologia,2024/01/11
OpenAI lanza GPT Store una tienda virtual de apps personalizadas de inteligencia artificial,/tecnologia/OpenAI-lanza-GPT-Store-una-tienda-virtual-de-apps-personalizadas-de-inteligencia-artificial-0-2632236819--20240110081511.html,tecnologia,2024/01/10
Drones con IA para encontrar contra reloj a personas desaparecidas,/tecnologia/Drones-con-IA-para-encontrar-contra-reloj-a-personas-desaparecidas-0-2631936851--20240109091935.html,tecnologia,2024/01/09
Instagram y Facebook aplicarán nuevas restricciones de contenido a los usuarios adolescentes,/tecnologia/Instagram-y-Facebook-aplicaran-nuevas-restricciones-de-contenido-a-los-usuarios-adolescentes-0-2631936830--20240109060848.html,tecnologia,2024/01/09
Un error informático una falsa acusación y un escándalo en Reino Unido,/noticias/sociedad/Un-error-informatico-una-falsa-acusacion-y-un-escandalo-en-Reino-Unido-0-2631936822--20240109035922.html,noticias,2024/01/09
Sony presenta un coche conducido con el mando de la PlayStation,/programas/telenoticias-1/Sony-presenta-un-coche-conducido-con-el-mando-de-la-PlayStation-2-2631956807--20240109032417.html,programas,2024/01/09
9 de enero de 2007: el día en que Steve Jobs hizo historia con el primer iPhone,/tecnologia/9-de-enero-de-2007-el-dia-en-que-Steve-Jobs-hizo-historia-con-el-primer-iPhone-0-2631936787--20240109112110.html,tecnologia,2024/01/09
Cepyme alerta de que la subida del SMI tendrá un gran impacto en la pequeña y mediana empresa,/programas/120-minutos/Cepyme-alerta-de-que-la-subida-del-SMI-tendra-un-gran-impacto-en-la-pequena-y-mediana-empresa-2-2633756614--20240115022947.html,programas,2024/01/15
Una avería paraliza este lunes todos los trenes de alta velocidad entre Málaga y Madrid,/programas/120-minutos/Una-averia-paraliza-este-lunes-todos-los-trenes-de-alta-velocidad-entre-Malaga-y-Madrid-2-2633756613--20240115014418.html,programas,2024/01/15
Salir por la noche en Madrid es de media más caro que en cualquier otra comunidad,/programas/120-minutos/Salir-por-la-noche-en-Madrid-es-de-media-mas-caro-que-en-cualquier-otra-comunidad-2-2632856707--20240112030657.html,programas,2024/01/12
Aumenta un 15% la venta de localizadores GPS,/programas/madrid-directo/Aumenta-un-15-la-venta-de-localizadores-GPS-para-mayores-2-2633756652--20240115092708.html,programas,2024/01/15
Arranca la venta de panecillos de San Antón,/programas/madrid-directo/Arranca-la-venta-de-panecillos-de-San-Anton-2-2632856740--20240112083910.html,programas,2024/01/12
Refugios contra el frío para personas sin hogar,/programas/madrid-directo/La-ola-de-frio-llena-los-albergues-de-personas-en-situacion-de-calle-2-2632856737--20240112083744.html,programas,2024/01/12
Desaparece Susana Sánchez en Cuatro Vientos,/programas/madrid-directo/Se-busca-a-Susana-Sanchez-una-mujer-de-32-anos-desaparecida-en-Cuatro-Vientos-2-2632856736--20240112083506.html,programas,2024/01/12
Estas son las frutas y verduras de temporada,/programas/madrid-directo/Estas-son-las-frutas-y-verduras-de-temporada-2-2632556775--20240111090924.html,programas,2024/01/11
¿A partir de que cantidad de dinero serías feliz?,/programas/juntos/A-partir-de-que-cantidad-de-dinero-serias-feliz-2-2633756660--20240115110528.html,programas,2024/01/15
Los rituales amorosos más conocidos en España,/programas/juntos/Los-rituales-amorosos-mas-conocidos-de-Espana-2-2632556782--20240111020857.html,programas,2024/01/11
¿Qué famosos han desheredado a sus hijos?,/programas/juntos/Que-famosos-han-desheredado-a-sus-hijos-2-2632256808--20240110105425.html,programas,2024/01/10
Reserva una mesa para cortar con su pareja,/programas/juntos/La-reserva-surrealista-pide-una-mesa-discreta-en-un-restaurante-para-dejar-a-su-pareja-2-2632256811--20240110105415.html,programas,2024/01/10
¿Hay peligro en el uso de cosméticos en menores?,/programas/juntos/Cosmeticorexia-Hay-peligro-en-el-uso-de-cosmeticos-en-menores-de-edad-2-2631956833--20240109110115.html,programas,2024/01/09
Detienen a un hombre por acosar a Shakira,/programas/juntos/Detienen-a-un-hombre-de-56-anos-por-acosar-a-Shakira-y-presentarse-en-su-casa-2-2631956834--20240109110108.html,programas,2024/01/09
El comunicado de Ana Obregón sobre la fundación,/programas/juntos/Ana-Obregon-lanza-un-comunicado-sobre-su-aportacion-a-la-Fundacion-Aless-Lequio-2-2631656869--20240108105942.html,programas,2024/01/08
Los momentos más virales de las Cabalgatas 2024,/programas/juntos/Estos-son-momentos-mas-virales-de-las-Cabalgatas-de-Reyes-Magos-2024-2-2631656867--20240108105915.html,programas,2024/01/08
Malena Gracia fue expulsada del tanatorio,/programas/juntos/Malena-Gracia-fue-expulsada-del-tanatorio-por-el-hijo-de-Paco-Arevalo-2-2630456983--20240104015806.html,programas,2024/01/04
¿Cuánto a donado Ana Obregón a su fundación?,/programas/juntos/Acusan-a-Ana-Obregon-de-no-donar-todos-los-beneficios-de-su-libro-a-la-Fundacion-Aless-Lequio-2-2630157009--20240103110713.html,programas,2024/01/03
Familiares y amigos se despiden de Paco Arévalo,/programas/juntos/Familiares-amigos-y-companeros-de-profesion-se-despiden-del-humorista-Paco-Arevalo-2-2630456980--20240104110616.html,programas,2024/01/04
Bertín Osborne no quiere ser padre,/programas/juntos/Bertin-Osborne-He-decidido-que-no-voy-a-ser-padre-2-2630157012--20240103105703.html,programas,2024/01/03
Bangkok capital del país de las sonrisas,/programas/madrilenos-por-el-mundo/Bangkok-capital-del-pais-de-las-sonrisas-2-2632256802--20240110113000.html,programas,2024/01/10
El Wat Samphran y su torre rodeada por un dragón gigante,/programas/madrilenos-por-el-mundo/El-Wat-Samphran-y-su-torre-rodeada-por-un-dragon-gigante-2-2633156659--20240113113000.html,programas,2024/01/13
El Museo del Ámbar el oro de Polonia,/programas/madrilenos-por-el-mundo/El-Museo-del-Ambar-el-oro-de-Polonia-2-2630456932--20240104113000.html,programas,2024/01/04
Disfruta Madrid 15.01.2024,/programas/disfruta-madrid/Disfruta-Madrid-15012024-2-2633756653--20240115095648.html,programas,2024/01/15
¿Cuántos años hay que trabajar?,/programas/disfruta-madrid/Cuantos-anos-serian-los-adecuados-para-trabajar-antes-de-jubilarse-2-2633756647--20240115091249.html,programas,2024/01/15
Si te llega esta oferta no piques,/programas/disfruta-madrid/Si-te-llega-esta-oferta-no-piques-Metro-de-Madrid-advierte-de-una-estafa-en-la-que-ofertan-un-bono-anual-por-2-euros-2-2633756646--20240115080757.html,programas,2024/01/15
Disfruta Madrid 12.01.2024,/programas/disfruta-madrid/Disfruta-Madrid-12012024-2-2632856744--20240112103415.html,programas,2024/01/12
La Senda de la Acebeda: sigue el viaje del agua,/programas/disfruta-madrid/La-Senda-del-Agua-de-la-Acebeda-un-plan-para-toda-la-familia-en-la-Sierra-Norte-2-2632856738--20240112092550.html,programas,2024/01/12
Varapalo para  la vidente de El Escorial: la Justicia sentencia que la capilla se construyó sobre un delito urbanístico,/programas/disfruta-madrid/Varapalo-para-la-vidente-de-El-Escorial-la-Justicia-sentencia-que-la-capilla-se-construyo-sobre-un-delito-urbanistico-2-2632556768--20240111100827.html,programas,2024/01/11
Disfruta Madrid 11.01.2024,/programas/disfruta-madrid/Disfruta-Madrid-11012024-2-2632556779--20240111100000.html,programas,2024/01/11
Ruta de las Villas: una paseo por la Historia y la arquitectura en Villaviciosa de Odón,/programas/disfruta-madrid/Ruta-de-las-Villas-una-paseo-por-la-Historia-y-la-arquitectura-en-Villaviciosa-de-Odon-2-2632556771--20240111092614.html,programas,2024/01/11
¿Dónde encontramos el mejor chorizo del mundo?,/programas/disfruta-madrid/Donde-encontramos-el-mejor-chorizo-del-mundo-En-Colmenar-Viejo-2-2632556772--20240111090526.html,programas,2024/01/11
Viajar a la Luna de una forma diferente con la realidad virtual,/programas/disfruta-madrid/Viajar-a-la-Luna-de-una-forma-diferente-con-la-realidad-virtual-2-2632556769--20240111084711.html,programas,2024/01/11
Disfruta Madrid 10.01.2024,/programas/disfruta-madrid/Disfruta-Madrid-10012024-2-2632256806--20240110103446.html,programas,2024/01/10
El mejor postre de España tiene sello de Madrid,/programas/disfruta-madrid/El-mejor-postre-de-Espana-tiene-sello-de-Madrid-2-2632256793--20240110091951.html,programas,2024/01/10
Ruta 179: Paracuellos de Jarama,/programas/ruta-179/Ruta-179-Paracuellos-de-Jarama-2-2626257411--20231221071300.html,programas,2023/12/21
La primera clínica especializa en aves rapaces,/programas/ruta-179/La-primera-clinica-especializa-en-aves-rapaces-de-toda-la-Peninsula-esta-en-Paracuellos-2-2632256797--20240110112300.html,programas,2024/01/10
Visitamos el cementerio de mártires de Paracuellos,/programas/ruta-179/Visitamos-el-cementerio-de-martires-de-Paracuellos-de-Jarama-2-2632856701--20240112105400.html,programas,2024/01/12
Ruta 179 Valdemorillo,/programas/ruta-179/Ruta-179-Valdemorillo-2-2624457541--20231215080300.html,programas,2023/12/15
El mejor cachopo de Valdemorillo,/programas/ruta-179/Uno-de-los-mejores-cachopos-de-Espana-esta-en-Valdemorillo-2-2630456962--20240104112900.html,programas,2024/01/04
La fábrica que se transformó en  Casa de Cultura,/programas/ruta-179/Las-Chimeneas-La-gran-fabrica-que-se-transformo-en-una-enorme-Casa-de-Cultura-2-2630456959--20240104111900.html,programas,2024/01/04
La empresa de objetos militares únicos en el mundo,/programas/ruta-179/La-empresa-de-articulos-militares-unicos-en-el-mundo-se-encuentra-en-Valdemorillo-2-2630456961--20240104111600.html,programas,2024/01/04
Ruta 179 Valdepiélagos,/programas/ruta-179/Ruta-179-Valdepielagos-2-2621457839--20231205115800.html,programas,2023/12/05
La casa del autoaprendizaje y la creatividad,/programas/ruta-179/El-laboratorio-de-musilabus-un-espacio-para-el-autoaprendizaje-y-la-creatividad-2-2628357176--20231228105100.html,programas,2023/12/28
La maqueta de Valdepiélagos,/programas/ruta-179/La-increible-maqueta-de-Valdepielagos-hecha-con-carton-y-pistachos-2-2628057205--20231227104900.html,programas,2023/12/27
Ruta 179: Valdeolmos-Alalpardo,/programas/ruta-179/Ruta-179-Valdeolmos-Alalpardo-2-2623257697--20231211105900.html,programas,2023/12/11
La asociación que repuebla los campos de Madrid,/programas/ruta-179/Reforest-Project-la-asociacion-que-repuebla-los-campos-de-la-Comunidad-de-Madrid-2-2625957423--20231220105700.html,programas,2023/12/20
Aperitoche el bar donde nacieron Los Secretos,/programas/nos-vemos-en-el-bar/Aperitoche-el-bar-donde-nacieron-Los-Secretos-2-2619658022--20231129102000.html,programas,2023/11/29
Café Central: el club de la música jazz en Madrid,/programas/nos-vemos-en-el-bar/Cafe-Central-el-club-historico-de-la-musica-jazz-en-Madrid-2-2619658023--20231129101700.html,programas,2023/11/29
Nos vemos en el bar: Música en vivo,/programas/nos-vemos-en-el-bar/Nos-vemos-en-el-bar-Musica-en-vivo-2-2613058726--20231107101000.html,programas,2023/11/07
Bar Casa Gregorio el museo al toreo de Móstoles,/programas/nos-vemos-en-el-bar/Bar-Casa-Gregorio-el-museo-al-toreo-de-Mostoles-2-2617258259--20231121104000.html,programas,2023/11/21
Bar La Tienta el corazón de las Ventas,/programas/nos-vemos-en-el-bar/Bar-La-Tienta-el-corazon-de-las-Ventas-2-2617258258--20231121103300.html,programas,2023/11/21
Nos vemos en el bar: Bares Taurinos,/programas/nos-vemos-en-el-bar/Nos-vemos-en-el-bar-Bares-Taurinos-2-2611858802--20231103103000.html,programas,2023/11/03
La Realidad una oda a los bares y los artistas,/programas/nos-vemos-en-el-bar/La-Realidad-una-oda-a-los-bares-y-los-artistas-2-2615458437--20231115104100.html,programas,2023/11/15
Estupenda bar el escenario de Twin Peaks en Malasaña,/programas/nos-vemos-en-el-bar/Estupenda-bar-el-escenario-de-Twin-Peaks-en-Malasana-2-2615458438--20231115104000.html,programas,2023/11/15
Nos vemos en el bar: Bares curiosos,/programas/nos-vemos-en-el-bar/Nos-vemos-en-el-bar-Bares-curiosos-2-2609159095--20231025103400.html,programas,2023/10/25
Bar Pintxo el punto de encuentro en  Villaviciosa de Odón,/programas/nos-vemos-en-el-bar/Bar-Pintxo-el-punto-de-encuentro-en-Villaviciosa-de-Odon-2-2613058677--20231107103400.html,programas,2023/11/07
Perretxico el bar de los pinchos vascos con un toque castizo y gourmet,/programas/nos-vemos-en-el-bar/Perretxico-el-bar-de-los-pinchos-vascos-con-un-toque-castizo-y-gourmet-2-2613058678--20231107103300.html,programas,2023/11/07
Nos vemos en el bar: Bares de pinchos,/programas/nos-vemos-en-el-bar/Nos-vemos-en-el-bar-Bares-de-pinchos-2-2608559208--20231023103000.html,programas,2023/10/23
Marta Hazas invitada de Minerva Piquero en “La vida es bella” en Onda Madrid,/corporativo/sala-de-prensa/Marta-Hazas-invitada-de-Minerva-Piquero-en-La-vida-es-bella-en-Onda-Madrid-0-2632536744--20240111114158.html,corporativo,2024/01/11
Telemadrid cierra su programación navideña con ‘Madrid Directo Especial Cabalgata de Reyes’ y la retransmisión de la Pascua Militar,/corporativo/sala-de-prensa/Telemadrid-cierra-su-programacion-navidena-con-Madrid-Directo-Especial-Cabalgata-de-Reyes-y-la-retransmision-de-la-Pascua-Militar-0-2630436957--20240104124817.html,corporativo,2024/01/04
Los informativos de Telemadrid cierran 2023 con el mejor dato de audiencia de los últimos 13 años,/corporativo/sala-de-prensa/Los-informativos-de-Telemadrid-cierran-2023-con-el-mejor-dato-de-audiencia-de-los-ultimos-13-anos-0-2629837004--20240102112551.html,corporativo,2024/01/02
Telemadrid despedirá el año con  la San Silvestre Vallecana el mensaje de Ayuso y las Campanadas,/noticias/madrid/Telemadrid-despedira-el-ano-con-la-San-Silvestre-Vallecana-el-mensaje-de-Ayuso-y-las-Campanadas-0-2629237051--20231231084231.html,noticias,2023/12/31
Vuelve a Telemadrid el ‘Show de los Inocentes’ de Bertín Osborne,/corporativo/sala-de-prensa/Vuelve-a-Telemadrid-el-Show-de-los-Inocentes-de-Bertin-Osborne-0-2627737222--20231226125054.html,corporativo,2023/12/26
Paco Roncero enfrenta a Natalia Rodríguez Anthony Blake y Fabiola Martínez para hacer la mejor receta con unos langostinos sobrantes,/corporativo/sala-de-prensa/Paco-Roncero-enfrenta-a-Natalia-Rodriguez-Anthony-Blake-y-Fabiola-Martinez-para-hacer-la-mejor-receta-con-unos-langostinos-sobrantes-0-2626537345--20231222121118.html,corporativo,2023/12/22
Conchita y Pablo Cebrián acompañarán este viernes a Minerva Piquero en ‘La vida es bella’,/corporativo/sala-de-prensa/Conchita-y-Pablo-Cebrian-acompanaran-este-viernes-a-Minerva-Piquero-en-La-vida-es-bella-0-2626237369--20231221121301.html,corporativo,2023/12/21
Telemadrid da un like a la magia y a la ilusión,/corporativo/sala-de-prensa/Telemadrid-da-un-like-a-la-magia-y-a-la-ilusion-0-2625637416--20231219100501.html,corporativo,2023/12/19
TeleMadrid recibe el premio de la Unión de Federaciones Deportivas Madrileñas por su apoyo al deporte madrileño,/corporativo/sala-de-prensa/TeleMadrid-recibe-el-premio-de-la-Union-de-Federaciones-Deportivas-Madrilenas-por-su-apoyo-al-deporte-madrileno-0-2624437551--20231215121756.html,corporativo,2023/12/15
Madrid Directo pone el árbol de Navidad de Telemadrid: un abeto de 14 metros que plantó el equipo del programa hace 25 años,/corporativo/sala-de-prensa/Madrid-Directo-pone-el-arbol-de-Navidad-de-Telemadrid-un-abeto-de-14-metros-que-planto-el-equipo-del-programa-hace-25-anos-0-2624437539--20231215094754.html,corporativo,2023/12/15
TeleMadrid y la televisión de Beijing firman un convenio de colaboración para dar a conocer la cultura y potencial turístico de ambas regiones,/corporativo/sala-de-prensa/TeleMadrid-y-la-television-de-Beijing-firman-un-convenio-de-colaboracion-para-dar-a-conocer-la-cultura-y-potencial-turistico-de-ambas-regiones-0-2624137602--20231214023024.html,corporativo,2023/12/14
Sergio Dalma será el invitado de Minerva Piquero en ‘La vida es bella’ de Onda Madrid,/corporativo/sala-de-prensa/Sergio-Dalma-sera-el-invitado-de-Minerva-Piquero-en-La-vida-es-bella-de-Onda-Madrid-0-2624137570--20231214094249.html,corporativo,2023/12/14
